<?xml version="1.0" encoding="UTF-8"?>
<GenRun Id="synth_1" LaunchPart="xc7z020clg484-1" LaunchTime="1442982461">
  <File Type="RUN-CONSTRS" Name="$PDATADIR/runs/synth_1/constrs_in.xml"/>
  <File Type="RDS-DCP" Name="partA_wrapper.dcp"/>
  <File Type="RUN-SRCS" Name="$PDATADIR/runs/synth_1/sources.xml"/>
  <File Type="RDS-UTIL-PB" Name="partA_wrapper_utilization_synth.pb"/>
  <File Type="RUN-STRAT" Name="$PDATADIR/runs/synth_1/synth_1.psg"/>
  <File Type="PA-TCL" Name="partA_wrapper.tcl"/>
  <File Type="RDS-PROPCONSTRS" Name="partA_wrapper_drc_synth.rpt"/>
  <File Type="RDS-RDS" Name="partA_wrapper.vds"/>
  <File Type="RDS-UTIL" Name="partA_wrapper_utilization_synth.rpt"/>
  <File Type="VDS-TIMINGSUMMARY" Name="partA_wrapper_timing_summary_synth.rpt"/>
  <File Type="VDS-TIMING-PB" Name="partA_wrapper_timing_summary_synth.pb"/>
  <FileSet Name="sources" Type="DesignSrcs" RelSrcDir="$PSRCDIR/sources_1">
    <Filter Type="Srcs"/>
    <File Path="$PSRCDIR/sources_1/bd/partA/partA.bd">
      <FileInfo>
        <Attr Name="ImportPath" Val="E:/Ubuntu_source_code_data/ECE_527_MP/mp2/partA/partA.srcs/sources_1/bd/partA/partA.bd"/>
        <Attr Name="ImportTime" Val="1442982427"/>
        <Attr Name="UsedIn" Val="synthesis"/>
        <Attr Name="UsedIn" Val="implementation"/>
        <Attr Name="UsedIn" Val="simulation"/>
      </FileInfo>
    </File>
    <File Path="$PSRCDIR/sources_1/imports/hdl/partA_wrapper.v">
      <FileInfo>
        <Attr Name="ImportPath" Val="E:/Ubuntu_source_code_data/ECE_527_MP/mp2/partA/partA.srcs/sources_1/bd/partA/hdl/partA_wrapper.v"/>
        <Attr Name="ImportTime" Val="1442675454"/>
        <Attr Name="UsedIn" Val="synthesis"/>
        <Attr Name="UsedIn" Val="implementation"/>
        <Attr Name="UsedIn" Val="simulation"/>
      </FileInfo>
    </File>
    <File Path="$PSRCDIR/sources_1/bd/partA/ip/partA_OLED_ip_0_1/OLED_porting_2.srcs/sources_1/ip/charLib.coe">
      <FileInfo>
        <Attr Name="ImportPath" Val="E:/Ubuntu_source_code_data/ECE_527_MP/mp2/partA/partA.srcs/sources_1/bd/partA/ip/partA_OLED_ip_0_1/OLED_porting_2.srcs/sources_1/ip/charLib.coe"/>
        <Attr Name="ImportTime" Val="1442918771"/>
        <Attr Name="UsedIn" Val="synthesis"/>
        <Attr Name="UsedIn" Val="simulation"/>
      </FileInfo>
    </File>
    <Config>
      <Option Name="DesignMode" Val="RTL"/>
      <Option Name="TopModule" Val="partA_wrapper"/>
      <Option Name="TopAutoSet" Val="TRUE"/>
    </Config>
  </FileSet>
  <FileSet Name="constrs_in" Type="Constrs" RelSrcDir="$PSRCDIR/constrs_1">
    <Filter Type="Constrs"/>
    <File Path="$PSRCDIR/constrs_1/new/partA_constr.xdc">
      <FileInfo>
        <Attr Name="ImportPath" Val="E:/Ubuntu_source_code_data/ECE_527_MP/mp2/partA/partA.srcs/constrs_1/new/partA_constr.xdc"/>
        <Attr Name="ImportTime" Val="1442918771"/>
        <Attr Name="UsedIn" Val="synthesis"/>
        <Attr Name="UsedIn" Val="implementation"/>
      </FileInfo>
    </File>
    <Config>
      <Option Name="TargetConstrsFile" Val="$PSRCDIR/constrs_1/new/partA_constr.xdc"/>
      <Option Name="ConstrsType" Val="XDC"/>
    </Config>
  </FileSet>
  <Strategy Version="1" Minor="2">
    <StratHandle Name="Vivado Synthesis Defaults" Flow="Vivado Synthesis 2015"/>
    <Step Id="synth_design"/>
  </Strategy>
  <BlockFileSet Type="BlockSrcs" Name="partA_processing_system7_0_0"/>
  <BlockFileSet Type="BlockSrcs" Name="partA_axi_gpio_0_0"/>
  <BlockFileSet Type="BlockSrcs" Name="partA_rst_processing_system7_0_100M_0"/>
  <BlockFileSet Type="BlockSrcs" Name="partA_blk_mem_gen_0_1"/>
  <BlockFileSet Type="BlockSrcs" Name="partA_OLED_ip_0_1"/>
  <BlockFileSet Type="BlockSrcs" Name="partA_auto_pc_0"/>
</GenRun>
