<?xml version="1.0" encoding="UTF-8"?>
<GenRun Id="synth_1" LaunchPart="xc7z020clg484-1" LaunchTime="1441484079">
  <File Type="RDS-PROPCONSTRS" Name="partC_wrapper_drc_synth.rpt"/>
  <File Type="RDS-UTIL" Name="partC_wrapper_utilization_synth.rpt"/>
  <File Type="RDS-UTIL-PB" Name="partC_wrapper_utilization_synth.pb"/>
  <File Type="RDS-DCP" Name="partC_wrapper.dcp"/>
  <File Type="VDS-TIMING-PB" Name="partC_wrapper_timing_summary_synth.pb"/>
  <File Type="RUN-SRCS" Name="$PDATADIR/runs/synth_1/sources.xml"/>
  <File Type="RDS-RDS" Name="partC_wrapper.vds"/>
  <File Type="RUN-CONSTRS" Name="$PDATADIR/runs/synth_1/constrs_in.xml"/>
  <File Type="RUN-STRAT" Name="$PDATADIR/runs/synth_1/synth_1.psg"/>
  <File Type="PA-TCL" Name="partC_wrapper.tcl"/>
  <File Type="VDS-TIMINGSUMMARY" Name="partC_wrapper_timing_summary_synth.rpt"/>
  <FileSet Name="sources" Type="DesignSrcs" RelSrcDir="$PSRCDIR/sources_1">
    <Filter Type="Srcs"/>
    <File Path="$PSRCDIR/sources_1/bd/partC/partC.bd">
      <FileInfo>
        <Attr Name="ImportPath" Val="$PPRDIR/../../../../../../media/huutan86/Data/source_code/ECE527/mps/mp1/partC/partC.srcs/sources_1/bd/partC/partC.bd"/>
        <Attr Name="ImportTime" Val="1441737114"/>
        <Attr Name="UsedIn" Val="synthesis"/>
        <Attr Name="UsedIn" Val="implementation"/>
        <Attr Name="UsedIn" Val="simulation"/>
      </FileInfo>
    </File>
    <File Path="$PSRCDIR/sources_1/imports/hdl/partC_wrapper.v">
      <FileInfo>
        <Attr Name="ImportPath" Val="$PPRDIR/../../../../../../media/huutan86/Data/source_code/ECE527/mps/mp1/partC/partC.srcs/sources_1/bd/partC/hdl/partC_wrapper.v"/>
        <Attr Name="ImportTime" Val="1441405014"/>
        <Attr Name="UsedIn" Val="synthesis"/>
        <Attr Name="UsedIn" Val="implementation"/>
        <Attr Name="UsedIn" Val="simulation"/>
      </FileInfo>
    </File>
    <Config>
      <Option Name="DesignMode" Val="RTL"/>
      <Option Name="TopModule" Val="partC_wrapper"/>
      <Option Name="TopAutoSet" Val="TRUE"/>
    </Config>
  </FileSet>
  <FileSet Name="constrs_in" Type="Constrs" RelSrcDir="$PSRCDIR/constrs_1">
    <Filter Type="Constrs"/>
    <Config>
      <Option Name="ConstrsType" Val="XDC"/>
    </Config>
  </FileSet>
  <Strategy Version="1" Minor="2">
    <StratHandle Name="Vivado Synthesis Defaults" Flow="Vivado Synthesis 2015"/>
    <Step Id="synth_design"/>
  </Strategy>
</GenRun>
