<?xml version="1.0" encoding="UTF-8"?>
<GenRun Id="partA_rst_processing_system7_0_100M_0_synth_1" LaunchPart="xc7z020clg484-1" LaunchTime="1442860972">
  <File Type="RUN-CONSTRS" Name="$PDATADIR/runs/partA_rst_processing_system7_0_100M_0_synth_1/constrs_in.xml"/>
  <File Type="RDS-DCP" Name="partA_rst_processing_system7_0_100M_0.dcp"/>
  <File Type="RUN-SRCS" Name="$PDATADIR/runs/partA_rst_processing_system7_0_100M_0_synth_1/sources.xml"/>
  <File Type="RDS-UTIL-PB" Name="partA_rst_processing_system7_0_100M_0_utilization_synth.pb"/>
  <File Type="RUN-STRAT" Name="$PDATADIR/runs/partA_rst_processing_system7_0_100M_0_synth_1/partA_rst_processing_system7_0_100M_0_synth_1.psg"/>
  <File Type="PA-TCL" Name="partA_rst_processing_system7_0_100M_0.tcl"/>
  <File Type="RDS-PROPCONSTRS" Name="partA_rst_processing_system7_0_100M_0_drc_synth.rpt"/>
  <File Type="RDS-RDS" Name="partA_rst_processing_system7_0_100M_0.vds"/>
  <File Type="RDS-UTIL" Name="partA_rst_processing_system7_0_100M_0_utilization_synth.rpt"/>
  <File Type="VDS-TIMINGSUMMARY" Name="partA_rst_processing_system7_0_100M_0_timing_summary_synth.rpt"/>
  <File Type="VDS-TIMING-PB" Name="partA_rst_processing_system7_0_100M_0_timing_summary_synth.pb"/>
  <FileSet Name="sources" Type="BlockSrcs" RelSrcDir="$PSRCDIR/partA_rst_processing_system7_0_100M_0">
    <File Path="$PSRCDIR/sources_1/bd/partA/ip/partA_rst_processing_system7_0_100M_0/partA_rst_processing_system7_0_100M_0.xci">
      <FileInfo>
        <Attr Name="Library" Val="xil_defaultlib"/>
        <Attr Name="ImportPath" Val="E:/Ubuntu_source_code_data/ECE_527_MP/mp2/partA/partA.srcs/sources_1/bd/partA/ip/partA_rst_processing_system7_0_100M_0/partA_rst_processing_system7_0_100M_0.xci"/>
        <Attr Name="ImportTime" Val="1442982427"/>
        <Attr Name="UsedIn" Val="synthesis"/>
        <Attr Name="UsedIn" Val="implementation"/>
        <Attr Name="UsedIn" Val="simulation"/>
        <Attr Name="ProcessingOrder" Val="EARLY"/>
      </FileInfo>
    </File>
    <Config>
      <Option Name="TopModule" Val="partA_rst_processing_system7_0_100M_0"/>
      <Option Name="UseBlackboxStub" Val="1"/>
    </Config>
  </FileSet>
  <FileSet Name="constrs_in" Type="BlockSrcs" RelSrcDir="$PSRCDIR/partA_rst_processing_system7_0_100M_0">
    <File Path="$PSRCDIR/sources_1/bd/partA/ip/partA_rst_processing_system7_0_100M_0/partA_rst_processing_system7_0_100M_0.xci">
      <FileInfo>
        <Attr Name="Library" Val="xil_defaultlib"/>
        <Attr Name="ImportPath" Val="E:/Ubuntu_source_code_data/ECE_527_MP/mp2/partA/partA.srcs/sources_1/bd/partA/ip/partA_rst_processing_system7_0_100M_0/partA_rst_processing_system7_0_100M_0.xci"/>
        <Attr Name="ImportTime" Val="1442982427"/>
        <Attr Name="UsedIn" Val="synthesis"/>
        <Attr Name="UsedIn" Val="implementation"/>
        <Attr Name="UsedIn" Val="simulation"/>
        <Attr Name="ProcessingOrder" Val="EARLY"/>
      </FileInfo>
    </File>
    <Config>
      <Option Name="TopModule" Val="partA_rst_processing_system7_0_100M_0"/>
      <Option Name="UseBlackboxStub" Val="1"/>
    </Config>
  </FileSet>
  <Strategy Version="1" Minor="2">
    <StratHandle Name="Vivado Synthesis Defaults" Flow="Vivado Synthesis 2015"/>
    <Step Id="synth_design"/>
  </Strategy>
</GenRun>
