<?xml version="1.0" encoding="UTF-8"?>
<GenRun Id="synth_1" LaunchPart="xc7z020clg484-1" LaunchTime="1441762609">
  <File Type="RUN-CONSTRS" Name="$PDATADIR/runs/synth_1/constrs_in.xml"/>
  <File Type="RUN-SRCS" Name="$PDATADIR/runs/synth_1/sources.xml"/>
  <File Type="RUN-STRAT" Name="$PDATADIR/runs/synth_1/synth_1.psg"/>
  <File Type="PA-TCL" Name="partA.tcl"/>
  <File Type="RDS-RDS" Name="partA.vds"/>
  <File Type="VDS-TIMINGSUMMARY" Name="partA_timing_summary_synth.rpt"/>
  <File Type="VDS-TIMING-PB" Name="partA_timing_summary_synth.pb"/>
  <File Type="RDS-DCP" Name="partA.dcp"/>
  <File Type="RDS-UTIL-PB" Name="partA_utilization_synth.pb"/>
  <File Type="RDS-UTIL" Name="partA_utilization_synth.rpt"/>
  <File Type="RDS-PROPCONSTRS" Name="partA_drc_synth.rpt"/>
  <FileSet Name="sources" Type="DesignSrcs" RelSrcDir="$PSRCDIR/sources_1">
    <Filter Type="Srcs"/>
    <File Path="$PSRCDIR/sources_1/new/partA.v">
      <FileInfo>
        <Attr Name="ImportPath" Val="$PPRDIR/../../../../../../media/huutan86/Data/source_code/ECE527/mps/mp1/partA/partA.srcs/sources_1/new/partA.v"/>
        <Attr Name="ImportTime" Val="1441737114"/>
        <Attr Name="UsedIn" Val="synthesis"/>
        <Attr Name="UsedIn" Val="implementation"/>
        <Attr Name="UsedIn" Val="simulation"/>
      </FileInfo>
    </File>
    <Config>
      <Option Name="DesignMode" Val="RTL"/>
      <Option Name="TopModule" Val="partA"/>
      <Option Name="TopAutoSet" Val="TRUE"/>
    </Config>
  </FileSet>
  <FileSet Name="constrs_in" Type="Constrs" RelSrcDir="$PSRCDIR/constrs_1">
    <Filter Type="Constrs"/>
    <File Path="$PSRCDIR/constrs_1/new/pin_assignment.xdc">
      <FileInfo>
        <Attr Name="ImportPath" Val="$PPRDIR/../../../../../../media/huutan86/Data/source_code/ECE527/mps/mp1/partA/partA.srcs/constrs_1/new/pin_assignment.xdc"/>
        <Attr Name="ImportTime" Val="1441421087"/>
        <Attr Name="UsedIn" Val="synthesis"/>
        <Attr Name="UsedIn" Val="implementation"/>
      </FileInfo>
    </File>
    <Config>
      <Option Name="TargetConstrsFile" Val="$PSRCDIR/constrs_1/new/pin_assignment.xdc"/>
      <Option Name="ConstrsType" Val="XDC"/>
    </Config>
  </FileSet>
  <Strategy Version="1" Minor="2">
    <StratHandle Name="Vivado Synthesis Defaults" Flow="Vivado Synthesis 2015"/>
    <Step Id="synth_design"/>
  </Strategy>
</GenRun>
