<?xml version="1.0" encoding="UTF-8"?>
<spirit:component xmlns:xilinx="http://www.xilinx.com" xmlns:spirit="http://www.spiritconsortium.org/XMLSchema/SPIRIT/1685-2009" xmlns:xsi="http://www.w3.org/2001/XMLSchema-instance">
  <spirit:vendor>Tan_Enyu</spirit:vendor>
  <spirit:library>central_controller_ip</spirit:library>
  <spirit:name>central_module</spirit:name>
  <spirit:version>1.0</spirit:version>
  <spirit:model>
    <spirit:views>
      <spirit:view>
        <spirit:name>verilog_synthesis</spirit:name>
        <spirit:displayName>Verilog Synthesis</spirit:displayName>
        <spirit:envIdentifier>verilogSource:vivado.xilinx.com:synthesis</spirit:envIdentifier>
        <spirit:language>verilog</spirit:language>
        <spirit:fileSetRef>
          <spirit:localName>verilog_synthesis_view_fileset</spirit:localName>
        </spirit:fileSetRef>
        <spirit:parameters>
          <spirit:parameter>
            <spirit:name>viewChecksum</spirit:name>
            <spirit:value>9e736922</spirit:value>
          </spirit:parameter>
        </spirit:parameters>
      </spirit:view>
      <spirit:view>
        <spirit:name>verilog_behavioral_simulation</spirit:name>
        <spirit:displayName>Verilog Simulation</spirit:displayName>
        <spirit:envIdentifier>verilogSource:vivado.xilinx.com:simulation</spirit:envIdentifier>
        <spirit:language>verilog</spirit:language>
        <spirit:fileSetRef>
          <spirit:localName>verilog_behavioral_simulation_view_fileset</spirit:localName>
        </spirit:fileSetRef>
        <spirit:parameters>
          <spirit:parameter>
            <spirit:name>viewChecksum</spirit:name>
            <spirit:value>9e736922</spirit:value>
          </spirit:parameter>
        </spirit:parameters>
      </spirit:view>
    </spirit:views>
  </spirit:model>
  <spirit:fileSets>
    <spirit:fileSet>
      <spirit:name>verilog_synthesis_view_fileset</spirit:name>
      <spirit:file>
        <spirit:name>central_controller.v</spirit:name>
        <spirit:fileType>verilogSource</spirit:fileType>
        <spirit:userFileType>CHECKSUM_9e736922</spirit:userFileType>
        <spirit:isIncludeFile>true</spirit:isIncludeFile>
      </spirit:file>
    </spirit:fileSet>
    <spirit:fileSet>
      <spirit:name>verilog_behavioral_simulation_view_fileset</spirit:name>
      <spirit:file>
        <spirit:name>central_controller.v</spirit:name>
        <spirit:fileType>verilogSource</spirit:fileType>
        <spirit:isIncludeFile>true</spirit:isIncludeFile>
      </spirit:file>
    </spirit:fileSet>
  </spirit:fileSets>
  <spirit:description>IP for the central controler module</spirit:description>
  <spirit:parameters>
    <spirit:parameter>
      <spirit:name>Component_Name</spirit:name>
      <spirit:value spirit:resolve="user" spirit:id="PARAM_VALUE.Component_Name" spirit:order="1">central_module_v1_0</spirit:value>
    </spirit:parameter>
  </spirit:parameters>
  <spirit:vendorExtensions>
    <xilinx:coreExtensions>
      <xilinx:displayName>central_ip</xilinx:displayName>
      <xilinx:hideInCatalogGUI>true</xilinx:hideInCatalogGUI>
      <xilinx:coreRevision>1</xilinx:coreRevision>
      <xilinx:upgrades>
        <xilinx:canUpgradeFrom>xilinx.com:ip:central_module:1.0</xilinx:canUpgradeFrom>
      </xilinx:upgrades>
      <xilinx:coreCreationDateTime>2015-09-19T15:30:19Z</xilinx:coreCreationDateTime>
      <xilinx:tags>
        <xilinx:tag xilinx:name="xilinx.com:ip:central_module:1.0_ARCHIVE_LOCATION">E:/Ubuntu_source_code_data/ECE_527_MP/mp2/partA/partA.srcs/sources_1/central_module</xilinx:tag>
        <xilinx:tag xilinx:name="Tan_Enyu:ip:central_module:1.0_ARCHIVE_LOCATION">E:/Ubuntu_source_code_data/ECE_527_MP/mp2/partA/partA.srcs/sources_1/central_module</xilinx:tag>
        <xilinx:tag xilinx:name="Tan_Enyu:central_controller_ip:central_module:1.0_ARCHIVE_LOCATION">E:/Ubuntu_source_code_data/ECE_527_MP/mp2/partA/partA.srcs/sources_1/central_module</xilinx:tag>
      </xilinx:tags>
    </xilinx:coreExtensions>
    <xilinx:packagingInfo>
      <xilinx:xilinxVersion>2015.1</xilinx:xilinxVersion>
      <xilinx:checksum xilinx:scope="fileGroups" xilinx:value="5de9e739"/>
      <xilinx:checksum xilinx:scope="parameters" xilinx:value="50d4f18a"/>
    </xilinx:packagingInfo>
  </spirit:vendorExtensions>
</spirit:component>
