<?xml version="1.0" encoding="UTF-8"?>
<GenRun Id="partA_OLED_ip_0_1_synth_1" LaunchPart="xc7z020clg484-1" LaunchTime="1442861561">
  <File Type="RUN-CONSTRS" Name="$PDATADIR/runs/partA_OLED_ip_0_1_synth_1/constrs_in.xml"/>
  <File Type="RDS-DCP" Name="partA_OLED_ip_0_1.dcp"/>
  <File Type="RUN-SRCS" Name="$PDATADIR/runs/partA_OLED_ip_0_1_synth_1/sources.xml"/>
  <File Type="RDS-UTIL-PB" Name="partA_OLED_ip_0_1_utilization_synth.pb"/>
  <File Type="RUN-STRAT" Name="$PDATADIR/runs/partA_OLED_ip_0_1_synth_1/partA_OLED_ip_0_1_synth_1.psg"/>
  <File Type="PA-TCL" Name="partA_OLED_ip_0_1.tcl"/>
  <File Type="RDS-PROPCONSTRS" Name="partA_OLED_ip_0_1_drc_synth.rpt"/>
  <File Type="RDS-RDS" Name="partA_OLED_ip_0_1.vds"/>
  <File Type="RDS-UTIL" Name="partA_OLED_ip_0_1_utilization_synth.rpt"/>
  <File Type="VDS-TIMINGSUMMARY" Name="partA_OLED_ip_0_1_timing_summary_synth.rpt"/>
  <File Type="VDS-TIMING-PB" Name="partA_OLED_ip_0_1_timing_summary_synth.pb"/>
  <FileSet Name="sources" Type="BlockSrcs" RelSrcDir="$PSRCDIR/partA_OLED_ip_0_1">
    <File Path="$PSRCDIR/sources_1/bd/partA/ip/partA_OLED_ip_0_1/partA_OLED_ip_0_1.xci">
      <FileInfo>
        <Attr Name="Library" Val="xil_defaultlib"/>
        <Attr Name="ImportPath" Val="E:/Ubuntu_source_code_data/ECE_527_MP/mp2/partA/partA.srcs/sources_1/bd/partA/ip/partA_OLED_ip_0_1/partA_OLED_ip_0_1.xci"/>
        <Attr Name="ImportTime" Val="1442982426"/>
        <Attr Name="UsedIn" Val="synthesis"/>
        <Attr Name="UsedIn" Val="implementation"/>
        <Attr Name="UsedIn" Val="simulation"/>
        <Attr Name="ProcessingOrder" Val="EARLY"/>
      </FileInfo>
    </File>
    <Config>
      <Option Name="TopModule" Val="partA_OLED_ip_0_1"/>
      <Option Name="UseBlackboxStub" Val="1"/>
    </Config>
  </FileSet>
  <FileSet Name="constrs_in" Type="BlockSrcs" RelSrcDir="$PSRCDIR/partA_OLED_ip_0_1">
    <File Path="$PSRCDIR/sources_1/bd/partA/ip/partA_OLED_ip_0_1/partA_OLED_ip_0_1.xci">
      <FileInfo>
        <Attr Name="Library" Val="xil_defaultlib"/>
        <Attr Name="ImportPath" Val="E:/Ubuntu_source_code_data/ECE_527_MP/mp2/partA/partA.srcs/sources_1/bd/partA/ip/partA_OLED_ip_0_1/partA_OLED_ip_0_1.xci"/>
        <Attr Name="ImportTime" Val="1442982426"/>
        <Attr Name="UsedIn" Val="synthesis"/>
        <Attr Name="UsedIn" Val="implementation"/>
        <Attr Name="UsedIn" Val="simulation"/>
        <Attr Name="ProcessingOrder" Val="EARLY"/>
      </FileInfo>
    </File>
    <Config>
      <Option Name="TopModule" Val="partA_OLED_ip_0_1"/>
      <Option Name="UseBlackboxStub" Val="1"/>
    </Config>
  </FileSet>
  <Strategy Version="1" Minor="2">
    <StratHandle Name="Vivado Synthesis Defaults" Flow="Vivado Synthesis 2015"/>
    <Step Id="synth_design"/>
  </Strategy>
</GenRun>
