<?xml version="1.0" encoding="UTF-8"?>
<spirit:abstractionDefinition xmlns:xilinx="http://www.xilinx.com" xmlns:spirit="http://www.spiritconsortium.org/XMLSchema/SPIRIT/1685-2009" xmlns:xsi="http://www.w3.org/2001/XMLSchema-instance">
  <spirit:vendor>xilinx.com</spirit:vendor>
  <spirit:library>display_processing_system7</spirit:library>
  <spirit:name>usbctrl_rtl</spirit:name>
  <spirit:version>1.0</spirit:version>
  <spirit:busType spirit:vendor="xilinx.com" spirit:library="display_processing_system7" spirit:name="usbctrl" spirit:version="1.0"/>
  <spirit:ports>
    <spirit:port>
      <spirit:logicalName>PORT_INDCTL</spirit:logicalName>
      <spirit:description>Port Indicator</spirit:description>
      <spirit:wire>
        <spirit:onMaster>
          <spirit:presence>optional</spirit:presence>
          <spirit:width>2</spirit:width>
          <spirit:direction>out</spirit:direction>
        </spirit:onMaster>
        <spirit:onSlave>
          <spirit:presence>optional</spirit:presence>
          <spirit:width>2</spirit:width>
          <spirit:direction>in</spirit:direction>
        </spirit:onSlave>
      </spirit:wire>
    </spirit:port>
    <spirit:port>
      <spirit:logicalName>VBUS_PWRSELECT</spirit:logicalName>
      <spirit:description>Power Select</spirit:description>
      <spirit:wire>
        <spirit:onMaster>
          <spirit:presence>optional</spirit:presence>
          <spirit:width>1</spirit:width>
          <spirit:direction>out</spirit:direction>
        </spirit:onMaster>
        <spirit:onSlave>
          <spirit:presence>optional</spirit:presence>
          <spirit:width>1</spirit:width>
          <spirit:direction>in</spirit:direction>
        </spirit:onSlave>
      </spirit:wire>
    </spirit:port>
    <spirit:port>
      <spirit:logicalName>VBUS_PWRFAULT</spirit:logicalName>
      <spirit:description>Power Fault</spirit:description>
      <spirit:wire>
        <spirit:onMaster>
          <spirit:presence>optional</spirit:presence>
          <spirit:width>1</spirit:width>
          <spirit:direction>in</spirit:direction>
        </spirit:onMaster>
        <spirit:onSlave>
          <spirit:presence>optional</spirit:presence>
          <spirit:width>1</spirit:width>
          <spirit:direction>out</spirit:direction>
        </spirit:onSlave>
      </spirit:wire>
    </spirit:port>
  </spirit:ports>
</spirit:abstractionDefinition>
