<?xml version="1.0" encoding="UTF-8"?>
<GenRun Id="impl_1" LaunchPart="xc7z020clg484-1" LaunchTime="1441762609">
  <File Type="RUN-CONSTRS" Name="$PDATADIR/runs/impl_1/constrs_in.xml"/>
  <File Type="RUN-SRCS" Name="$PDATADIR/runs/impl_1/sources.xml"/>
  <File Type="RUN-STRAT" Name="$PDATADIR/runs/impl_1/impl_1.psg"/>
  <File Type="PA-TCL" Name="partA.tcl"/>
  <File Type="POSTROUTE-PHYSOPT-TIMING-PB" Name="partA_timing_summary_postroute_physopted.pb"/>
  <File Type="OPT-DCP" Name="partA_opt.dcp"/>
  <File Type="OPT-DRC" Name="partA_drc_opted.rpt"/>
  <File Type="OPT-HWDEF" Name="partA.hwdef"/>
  <File Type="PWROPT-DCP" Name="partA_pwropt.dcp"/>
  <File Type="PWROPT-DRC" Name="partA_drc_pwropted.rpt"/>
  <File Type="PLACE-DCP" Name="partA_placed.dcp"/>
  <File Type="PLACE-IO" Name="partA_io_placed.rpt"/>
  <File Type="POSTROUTE-PHYSOPT-TIMING" Name="partA_timing_summary_postroute_physopted.rpt"/>
  <File Type="BG-BIT" Name="partA.bit"/>
  <File Type="ROUTE-TIMING-RPX" Name="partA_timing_summary_routed.rpx"/>
  <File Type="BG-BIN" Name="partA.bin"/>
  <File Type="BITSTR-MSK" Name="partA.msk"/>
  <File Type="ROUTE-CLK" Name="partA_clock_utilization_routed.rpt"/>
  <File Type="BG-BGN" Name="partA.bgn"/>
  <File Type="BITSTR-RBT" Name="partA.rbt"/>
  <File Type="BITSTR-NKY" Name="partA.nky"/>
  <File Type="POSTPLACE-PWROPT-DCP" Name="partA_postplace_pwropt.dcp"/>
  <File Type="BITSTR-BMM" Name="partA_bd.bmm"/>
  <File Type="POSTROUTE-PHYSOPT-TIMING-RPX" Name="partA_timing_summary_postroute_physopted.rpx"/>
  <File Type="WBT-USG" Name="usage_statistics_webtalk.html"/>
  <File Type="RDI-RDI" Name="partA.vdi"/>
  <File Type="POSTROUTE-PHYSOPT-DCP" Name="partA_postroute_physopt.dcp"/>
  <File Type="BG-DRC" Name="partA.drc"/>
  <File Type="ROUTE-SIMILARITY" Name="partA_incremental_reuse_routed.rpt"/>
  <File Type="BITSTR-MMI" Name="partA.mmi"/>
  <File Type="PHYSOPT-DCP" Name="partA_physopt.dcp"/>
  <File Type="BITSTR-SYSDEF" Name="partA.sysdef"/>
  <File Type="PHYSOPT-DRC" Name="partA_drc_physopted.rpt"/>
  <File Type="ROUTE-TIMING-PB" Name="partA_timing_summary_routed.pb"/>
  <File Type="ROUTE-TIMINGSUMMARY" Name="partA_timing_summary_routed.rpt"/>
  <File Type="ROUTE-STATUS-PB" Name="partA_route_status.pb"/>
  <File Type="ROUTE-STATUS" Name="partA_route_status.rpt"/>
  <File Type="ROUTE-PWR-SUM" Name="partA_power_summary_routed.pb"/>
  <File Type="ROUTE-PWR" Name="partA_power_routed.rpt"/>
  <File Type="ROUTE-DRC-PB" Name="partA_drc_routed.pb"/>
  <File Type="ROUTE-DRC" Name="partA_drc_routed.rpt"/>
  <File Type="ROUTE-DCP" Name="partA_routed.dcp"/>
  <File Type="PLACE-PRE-SIMILARITY" Name="partA_incremental_reuse_pre_placed.rpt"/>
  <File Type="PLACE-SIMILARITY" Name="partA_incremental_reuse_placed.rpt"/>
  <File Type="PLACE-CTRL" Name="partA_control_sets_placed.rpt"/>
  <File Type="PLACE-UTIL-PB" Name="partA_utilization_placed.pb"/>
  <File Type="PLACE-UTIL" Name="partA_utilization_placed.rpt"/>
  <File Type="PLACE-CLK" Name="partA_clock_utilization_placed.rpt"/>
  <FileSet Name="sources" Type="DesignSrcs" RelSrcDir="$PSRCDIR/sources_1">
    <Filter Type="Srcs"/>
    <File Path="$PSRCDIR/sources_1/new/partA.v">
      <FileInfo>
        <Attr Name="ImportPath" Val="$PPRDIR/../../../../../../media/huutan86/Data/source_code/ECE527/mps/mp1/partA/partA.srcs/sources_1/new/partA.v"/>
        <Attr Name="ImportTime" Val="1441737114"/>
        <Attr Name="UsedIn" Val="synthesis"/>
        <Attr Name="UsedIn" Val="implementation"/>
        <Attr Name="UsedIn" Val="simulation"/>
      </FileInfo>
    </File>
    <Config>
      <Option Name="DesignMode" Val="RTL"/>
      <Option Name="TopModule" Val="partA"/>
      <Option Name="TopAutoSet" Val="TRUE"/>
    </Config>
  </FileSet>
  <FileSet Name="constrs_in" Type="Constrs" RelSrcDir="$PSRCDIR/constrs_1">
    <Filter Type="Constrs"/>
    <File Path="$PSRCDIR/constrs_1/new/pin_assignment.xdc">
      <FileInfo>
        <Attr Name="ImportPath" Val="$PPRDIR/../../../../../../media/huutan86/Data/source_code/ECE527/mps/mp1/partA/partA.srcs/constrs_1/new/pin_assignment.xdc"/>
        <Attr Name="ImportTime" Val="1441421087"/>
        <Attr Name="UsedIn" Val="synthesis"/>
        <Attr Name="UsedIn" Val="implementation"/>
      </FileInfo>
    </File>
    <Config>
      <Option Name="TargetConstrsFile" Val="$PSRCDIR/constrs_1/new/pin_assignment.xdc"/>
      <Option Name="ConstrsType" Val="XDC"/>
    </Config>
  </FileSet>
  <Strategy Version="1" Minor="2">
    <StratHandle Name="Vivado Implementation Defaults" Flow="Vivado Implementation 2015"/>
    <Step Id="init_design"/>
    <Step Id="opt_design"/>
    <Step Id="power_opt_design"/>
    <Step Id="place_design"/>
    <Step Id="post_place_power_opt_design"/>
    <Step Id="phys_opt_design"/>
    <Step Id="route_design"/>
    <Step Id="post_route_phys_opt_design"/>
    <Step Id="write_bitstream"/>
  </Strategy>
</GenRun>
