<?xml version="1.0" encoding="UTF-8"?>
<GenRun Id="impl_1" LaunchPart="xc7z020clg484-1" LaunchTime="1442982461">
  <File Type="RUN-CONSTRS" Name="$PDATADIR/runs/impl_1/constrs_in.xml"/>
  <File Type="OPT-DCP" Name="partA_wrapper_opt.dcp"/>
  <File Type="RUN-SRCS" Name="$PDATADIR/runs/impl_1/sources.xml"/>
  <File Type="RUN-STRAT" Name="$PDATADIR/runs/impl_1/impl_1.psg"/>
  <File Type="ROUTE-DCP" Name="partA_wrapper_routed.dcp"/>
  <File Type="PA-TCL" Name="partA_wrapper.tcl"/>
  <File Type="PWROPT-DCP" Name="partA_wrapper_pwropt.dcp"/>
  <File Type="OPT-DRC" Name="partA_wrapper_drc_opted.rpt"/>
  <File Type="PWROPT-DRC" Name="partA_wrapper_drc_pwropted.rpt"/>
  <File Type="OPT-HWDEF" Name="partA_wrapper.hwdef"/>
  <File Type="PLACE-DCP" Name="partA_wrapper_placed.dcp"/>
  <File Type="PLACE-IO" Name="partA_wrapper_io_placed.rpt"/>
  <File Type="PLACE-CLK" Name="partA_wrapper_clock_utilization_placed.rpt"/>
  <File Type="PLACE-UTIL" Name="partA_wrapper_utilization_placed.rpt"/>
  <File Type="PLACE-UTIL-PB" Name="partA_wrapper_utilization_placed.pb"/>
  <File Type="PLACE-CTRL" Name="partA_wrapper_control_sets_placed.rpt"/>
  <File Type="PLACE-SIMILARITY" Name="partA_wrapper_incremental_reuse_placed.rpt"/>
  <File Type="PLACE-PRE-SIMILARITY" Name="partA_wrapper_incremental_reuse_pre_placed.rpt"/>
  <File Type="POSTPLACE-PWROPT-DCP" Name="partA_wrapper_postplace_pwropt.dcp"/>
  <File Type="PHYSOPT-DCP" Name="partA_wrapper_physopt.dcp"/>
  <File Type="PHYSOPT-DRC" Name="partA_wrapper_drc_physopted.rpt"/>
  <File Type="RDI-RDI" Name="partA_wrapper.vdi"/>
  <File Type="ROUTE-DRC" Name="partA_wrapper_drc_routed.rpt"/>
  <File Type="ROUTE-DRC-PB" Name="partA_wrapper_drc_routed.pb"/>
  <File Type="ROUTE-PWR" Name="partA_wrapper_power_routed.rpt"/>
  <File Type="ROUTE-PWR-SUM" Name="partA_wrapper_power_summary_routed.pb"/>
  <File Type="ROUTE-STATUS" Name="partA_wrapper_route_status.rpt"/>
  <File Type="ROUTE-STATUS-PB" Name="partA_wrapper_route_status.pb"/>
  <File Type="ROUTE-TIMINGSUMMARY" Name="partA_wrapper_timing_summary_routed.rpt"/>
  <File Type="ROUTE-TIMING-PB" Name="partA_wrapper_timing_summary_routed.pb"/>
  <File Type="ROUTE-TIMING-RPX" Name="partA_wrapper_timing_summary_routed.rpx"/>
  <File Type="ROUTE-SIMILARITY" Name="partA_wrapper_incremental_reuse_routed.rpt"/>
  <File Type="ROUTE-CLK" Name="partA_wrapper_clock_utilization_routed.rpt"/>
  <File Type="POSTROUTE-PHYSOPT-DCP" Name="partA_wrapper_postroute_physopt.dcp"/>
  <File Type="POSTROUTE-PHYSOPT-TIMING" Name="partA_wrapper_timing_summary_postroute_physopted.rpt"/>
  <File Type="POSTROUTE-PHYSOPT-TIMING-PB" Name="partA_wrapper_timing_summary_postroute_physopted.pb"/>
  <File Type="POSTROUTE-PHYSOPT-TIMING-RPX" Name="partA_wrapper_timing_summary_postroute_physopted.rpx"/>
  <File Type="BG-BIT" Name="partA_wrapper.bit"/>
  <File Type="BG-BIN" Name="partA_wrapper.bin"/>
  <File Type="BITSTR-MSK" Name="partA_wrapper.msk"/>
  <File Type="BITSTR-RBT" Name="partA_wrapper.rbt"/>
  <File Type="BITSTR-NKY" Name="partA_wrapper.nky"/>
  <File Type="BITSTR-BMM" Name="partA_wrapper_bd.bmm"/>
  <File Type="BITSTR-MMI" Name="partA_wrapper.mmi"/>
  <File Type="BITSTR-SYSDEF" Name="partA_wrapper.sysdef"/>
  <File Type="BG-BGN" Name="partA_wrapper.bgn"/>
  <File Type="BG-DRC" Name="partA_wrapper.drc"/>
  <File Type="WBT-USG" Name="usage_statistics_webtalk.html"/>
  <FileSet Name="sources" Type="DesignSrcs" RelSrcDir="$PSRCDIR/sources_1">
    <Filter Type="Srcs"/>
    <File Path="$PSRCDIR/sources_1/bd/partA/partA.bd">
      <FileInfo>
        <Attr Name="ImportPath" Val="E:/Ubuntu_source_code_data/ECE_527_MP/mp2/partA/partA.srcs/sources_1/bd/partA/partA.bd"/>
        <Attr Name="ImportTime" Val="1442982427"/>
        <Attr Name="UsedIn" Val="synthesis"/>
        <Attr Name="UsedIn" Val="implementation"/>
        <Attr Name="UsedIn" Val="simulation"/>
      </FileInfo>
    </File>
    <File Path="$PSRCDIR/sources_1/imports/hdl/partA_wrapper.v">
      <FileInfo>
        <Attr Name="ImportPath" Val="E:/Ubuntu_source_code_data/ECE_527_MP/mp2/partA/partA.srcs/sources_1/bd/partA/hdl/partA_wrapper.v"/>
        <Attr Name="ImportTime" Val="1442675454"/>
        <Attr Name="UsedIn" Val="synthesis"/>
        <Attr Name="UsedIn" Val="implementation"/>
        <Attr Name="UsedIn" Val="simulation"/>
      </FileInfo>
    </File>
    <File Path="$PSRCDIR/sources_1/bd/partA/ip/partA_OLED_ip_0_1/OLED_porting_2.srcs/sources_1/ip/charLib.coe">
      <FileInfo>
        <Attr Name="ImportPath" Val="E:/Ubuntu_source_code_data/ECE_527_MP/mp2/partA/partA.srcs/sources_1/bd/partA/ip/partA_OLED_ip_0_1/OLED_porting_2.srcs/sources_1/ip/charLib.coe"/>
        <Attr Name="ImportTime" Val="1442918771"/>
        <Attr Name="UsedIn" Val="synthesis"/>
        <Attr Name="UsedIn" Val="simulation"/>
      </FileInfo>
    </File>
    <Config>
      <Option Name="DesignMode" Val="RTL"/>
      <Option Name="TopModule" Val="partA_wrapper"/>
      <Option Name="TopAutoSet" Val="TRUE"/>
    </Config>
  </FileSet>
  <FileSet Name="constrs_in" Type="Constrs" RelSrcDir="$PSRCDIR/constrs_1">
    <Filter Type="Constrs"/>
    <File Path="$PSRCDIR/constrs_1/new/partA_constr.xdc">
      <FileInfo>
        <Attr Name="ImportPath" Val="E:/Ubuntu_source_code_data/ECE_527_MP/mp2/partA/partA.srcs/constrs_1/new/partA_constr.xdc"/>
        <Attr Name="ImportTime" Val="1442918771"/>
        <Attr Name="UsedIn" Val="synthesis"/>
        <Attr Name="UsedIn" Val="implementation"/>
      </FileInfo>
    </File>
    <Config>
      <Option Name="TargetConstrsFile" Val="$PSRCDIR/constrs_1/new/partA_constr.xdc"/>
      <Option Name="ConstrsType" Val="XDC"/>
    </Config>
  </FileSet>
  <Strategy Version="1" Minor="2">
    <StratHandle Name="Vivado Implementation Defaults" Flow="Vivado Implementation 2015"/>
    <Step Id="init_design"/>
    <Step Id="opt_design"/>
    <Step Id="power_opt_design"/>
    <Step Id="place_design"/>
    <Step Id="post_place_power_opt_design"/>
    <Step Id="phys_opt_design"/>
    <Step Id="route_design"/>
    <Step Id="post_route_phys_opt_design"/>
    <Step Id="write_bitstream"/>
  </Strategy>
  <BlockFileSet Type="BlockSrcs" Name="partA_processing_system7_0_0"/>
  <BlockFileSet Type="BlockSrcs" Name="partA_axi_gpio_0_0"/>
  <BlockFileSet Type="BlockSrcs" Name="partA_rst_processing_system7_0_100M_0"/>
  <BlockFileSet Type="BlockSrcs" Name="partA_blk_mem_gen_0_1"/>
  <BlockFileSet Type="BlockSrcs" Name="partA_OLED_ip_0_1"/>
  <BlockFileSet Type="BlockSrcs" Name="partA_auto_pc_0"/>
</GenRun>
