<?xml version="1.0" encoding="UTF-8"?>
<GenRun Id="synth_1" LaunchPart="xc7z020clg484-1" LaunchTime="1442983740">
  <File Type="RUN-CONSTRS" Name="$PDATADIR/runs/synth_1/constrs_in.xml"/>
  <File Type="RDS-DCP" Name="hardwareplatform_wrapper.dcp"/>
  <File Type="RUN-SRCS" Name="$PDATADIR/runs/synth_1/sources.xml"/>
  <File Type="RDS-UTIL-PB" Name="hardwareplatform_wrapper_utilization_synth.pb"/>
  <File Type="RUN-STRAT" Name="$PDATADIR/runs/synth_1/synth_1.psg"/>
  <File Type="PA-TCL" Name="hardwareplatform_wrapper.tcl"/>
  <File Type="RDS-PROPCONSTRS" Name="hardwareplatform_wrapper_drc_synth.rpt"/>
  <File Type="RDS-RDS" Name="hardwareplatform_wrapper.vds"/>
  <File Type="RDS-UTIL" Name="hardwareplatform_wrapper_utilization_synth.rpt"/>
  <File Type="VDS-TIMINGSUMMARY" Name="hardwareplatform_wrapper_timing_summary_synth.rpt"/>
  <File Type="VDS-TIMING-PB" Name="hardwareplatform_wrapper_timing_summary_synth.pb"/>
  <FileSet Name="sources" Type="DesignSrcs" RelSrcDir="$PSRCDIR/sources_1">
    <Filter Type="Srcs"/>
    <File Path="$PSRCDIR/sources_1/bd/hardwareplatform/hardwareplatform.bd">
      <FileInfo>
        <Attr Name="ImportPath" Val="E:/Ubuntu_source_code_data/ECE_527_MP/mp2/partB/mp2b.srcs/sources_1/bd/hardwareplatform/hardwareplatform.bd"/>
        <Attr Name="ImportTime" Val="1442918723"/>
        <Attr Name="UsedIn" Val="synthesis"/>
        <Attr Name="UsedIn" Val="implementation"/>
        <Attr Name="UsedIn" Val="simulation"/>
      </FileInfo>
    </File>
    <File Path="$PSRCDIR/sources_1/imports/hdl/hardwareplatform_wrapper.v">
      <FileInfo>
        <Attr Name="ImportPath" Val="E:/Ubuntu_source_code_data/ECE_527_MP/mp2/partB/mp2b.srcs/sources_1/bd/hardwareplatform/hdl/hardwareplatform_wrapper.v"/>
        <Attr Name="ImportTime" Val="1442613817"/>
        <Attr Name="UsedIn" Val="synthesis"/>
        <Attr Name="UsedIn" Val="implementation"/>
        <Attr Name="UsedIn" Val="simulation"/>
      </FileInfo>
    </File>
    <Config>
      <Option Name="DesignMode" Val="RTL"/>
      <Option Name="TopModule" Val="hardwareplatform_wrapper"/>
      <Option Name="TopAutoSet" Val="TRUE"/>
    </Config>
  </FileSet>
  <FileSet Name="constrs_in" Type="Constrs" RelSrcDir="$PSRCDIR/constrs_1">
    <Filter Type="Constrs"/>
    <Config>
      <Option Name="ConstrsType" Val="XDC"/>
    </Config>
  </FileSet>
  <Strategy Version="1" Minor="2">
    <StratHandle Name="Vivado Synthesis Defaults" Flow="Vivado Synthesis 2015"/>
    <Step Id="synth_design"/>
  </Strategy>
</GenRun>
