<?xml version="1.0" encoding="UTF-8"?>
<GenRun Id="impl_1" LaunchPart="xc7z020clg484-1" LaunchTime="1441726482">
  <File Type="RUN-CONSTRS" Name="$PDATADIR/runs/impl_1/constrs_in.xml"/>
  <File Type="RUN-SRCS" Name="$PDATADIR/runs/impl_1/sources.xml"/>
  <File Type="RUN-STRAT" Name="$PDATADIR/runs/impl_1/impl_1.psg"/>
  <File Type="PA-TCL" Name="part_B.tcl"/>
  <File Type="POSTROUTE-PHYSOPT-TIMING-PB" Name="part_B_timing_summary_postroute_physopted.pb"/>
  <File Type="OPT-DCP" Name="part_B_opt.dcp"/>
  <File Type="OPT-DRC" Name="part_B_drc_opted.rpt"/>
  <File Type="OPT-HWDEF" Name="part_B.hwdef"/>
  <File Type="PWROPT-DCP" Name="part_B_pwropt.dcp"/>
  <File Type="PWROPT-DRC" Name="part_B_drc_pwropted.rpt"/>
  <File Type="PLACE-DCP" Name="part_B_placed.dcp"/>
  <File Type="PLACE-IO" Name="part_B_io_placed.rpt"/>
  <File Type="POSTROUTE-PHYSOPT-TIMING" Name="part_B_timing_summary_postroute_physopted.rpt"/>
  <File Type="BG-BIT" Name="part_B.bit"/>
  <File Type="ROUTE-TIMING-RPX" Name="part_B_timing_summary_routed.rpx"/>
  <File Type="BG-BIN" Name="part_B.bin"/>
  <File Type="BITSTR-MSK" Name="part_B.msk"/>
  <File Type="ROUTE-CLK" Name="part_B_clock_utilization_routed.rpt"/>
  <File Type="BG-BGN" Name="part_B.bgn"/>
  <File Type="BITSTR-RBT" Name="part_B.rbt"/>
  <File Type="BITSTR-NKY" Name="part_B.nky"/>
  <File Type="POSTPLACE-PWROPT-DCP" Name="part_B_postplace_pwropt.dcp"/>
  <File Type="BITSTR-BMM" Name="part_B_bd.bmm"/>
  <File Type="POSTROUTE-PHYSOPT-TIMING-RPX" Name="part_B_timing_summary_postroute_physopted.rpx"/>
  <File Type="WBT-USG" Name="usage_statistics_webtalk.html"/>
  <File Type="RDI-RDI" Name="part_B.vdi"/>
  <File Type="POSTROUTE-PHYSOPT-DCP" Name="part_B_postroute_physopt.dcp"/>
  <File Type="BG-DRC" Name="part_B.drc"/>
  <File Type="ROUTE-SIMILARITY" Name="part_B_incremental_reuse_routed.rpt"/>
  <File Type="BITSTR-MMI" Name="part_B.mmi"/>
  <File Type="PHYSOPT-DCP" Name="part_B_physopt.dcp"/>
  <File Type="BITSTR-SYSDEF" Name="part_B.sysdef"/>
  <File Type="PHYSOPT-DRC" Name="part_B_drc_physopted.rpt"/>
  <File Type="ROUTE-TIMING-PB" Name="part_B_timing_summary_routed.pb"/>
  <File Type="ROUTE-TIMINGSUMMARY" Name="part_B_timing_summary_routed.rpt"/>
  <File Type="ROUTE-STATUS-PB" Name="part_B_route_status.pb"/>
  <File Type="ROUTE-STATUS" Name="part_B_route_status.rpt"/>
  <File Type="ROUTE-PWR-SUM" Name="part_B_power_summary_routed.pb"/>
  <File Type="ROUTE-PWR" Name="part_B_power_routed.rpt"/>
  <File Type="ROUTE-DRC-PB" Name="part_B_drc_routed.pb"/>
  <File Type="ROUTE-DRC" Name="part_B_drc_routed.rpt"/>
  <File Type="ROUTE-DCP" Name="part_B_routed.dcp"/>
  <File Type="PLACE-PRE-SIMILARITY" Name="part_B_incremental_reuse_pre_placed.rpt"/>
  <File Type="PLACE-SIMILARITY" Name="part_B_incremental_reuse_placed.rpt"/>
  <File Type="PLACE-CTRL" Name="part_B_control_sets_placed.rpt"/>
  <File Type="PLACE-UTIL-PB" Name="part_B_utilization_placed.pb"/>
  <File Type="PLACE-UTIL" Name="part_B_utilization_placed.rpt"/>
  <File Type="PLACE-CLK" Name="part_B_clock_utilization_placed.rpt"/>
  <FileSet Name="sources" Type="DesignSrcs" RelSrcDir="$PSRCDIR/sources_1">
    <Filter Type="Srcs"/>
    <File Path="$PSRCDIR/sources_1/new/part_B.v">
      <FileInfo>
        <Attr Name="ImportPath" Val="$PPRDIR/../../../../../../media/huutan86/Data/source_code/ECE527/mps/mp1/partB/part_B.srcs/sources_1/new/part_B.v"/>
        <Attr Name="ImportTime" Val="1441421087"/>
        <Attr Name="UsedIn" Val="synthesis"/>
        <Attr Name="UsedIn" Val="implementation"/>
        <Attr Name="UsedIn" Val="simulation"/>
      </FileInfo>
    </File>
    <Config>
      <Option Name="DesignMode" Val="RTL"/>
      <Option Name="TopModule" Val="part_B"/>
      <Option Name="TopAutoSet" Val="TRUE"/>
    </Config>
  </FileSet>
  <FileSet Name="constrs_in" Type="Constrs" RelSrcDir="$PSRCDIR/constrs_1">
    <Filter Type="Constrs"/>
    <File Path="$PSRCDIR/constrs_1/new/partB_constr.xdc">
      <FileInfo>
        <Attr Name="ImportPath" Val="$PPRDIR/../../../../../../media/huutan86/Data/source_code/ECE527/mps/mp1/partB/part_B.srcs/constrs_1/new/partB_constr.xdc"/>
        <Attr Name="ImportTime" Val="1441737114"/>
        <Attr Name="UsedIn" Val="synthesis"/>
        <Attr Name="UsedIn" Val="implementation"/>
      </FileInfo>
    </File>
    <Config>
      <Option Name="ConstrsType" Val="XDC"/>
    </Config>
  </FileSet>
  <Strategy Version="1" Minor="2">
    <StratHandle Name="Vivado Implementation Defaults" Flow="Vivado Implementation 2015"/>
    <Step Id="init_design"/>
    <Step Id="opt_design"/>
    <Step Id="power_opt_design"/>
    <Step Id="place_design"/>
    <Step Id="post_place_power_opt_design"/>
    <Step Id="phys_opt_design"/>
    <Step Id="route_design"/>
    <Step Id="post_route_phys_opt_design"/>
    <Step Id="write_bitstream"/>
  </Strategy>
</GenRun>
